/*
SQLyog Community v13.1.6 (64 bit)
MySQL - 5.7.32 : Database - security
*********************************************************************
*/

/*!40101 SET NAMES utf8 */;

/*!40101 SET SQL_MODE=''*/;

/*!40014 SET @OLD_UNIQUE_CHECKS=@@UNIQUE_CHECKS, UNIQUE_CHECKS=0 */;
/*!40014 SET @OLD_FOREIGN_KEY_CHECKS=@@FOREIGN_KEY_CHECKS, FOREIGN_KEY_CHECKS=0 */;
/*!40101 SET @OLD_SQL_MODE=@@SQL_MODE, SQL_MODE='NO_AUTO_VALUE_ON_ZERO' */;
/*!40111 SET @OLD_SQL_NOTES=@@SQL_NOTES, SQL_NOTES=0 */;
CREATE DATABASE /*!32312 IF NOT EXISTS*/`security` /*!40100 DEFAULT CHARACTER SET utf8mb4 */;

USE `security`;

/*Table structure for table `oauth_client_details` */

DROP TABLE IF EXISTS `oauth_client_details`;

CREATE TABLE `oauth_client_details` (
  `client_id` varchar(255) NOT NULL COMMENT '客户端标识',
  `resource_ids` varchar(255) DEFAULT NULL COMMENT '接入资源列表',
  `client_secret` varchar(255) DEFAULT NULL COMMENT '客户端秘钥',
  `scope` varchar(255) DEFAULT NULL,
  `authorized_grant_types` varchar(255) DEFAULT NULL,
  `web_server_redirect_uri` varchar(255) DEFAULT NULL,
  `authorities` varchar(255) DEFAULT NULL,
  `access_token_validity` int(11) DEFAULT NULL,
  `refresh_token_validity` int(11) DEFAULT NULL,
  `additional_information` longtext,
  `create_time` timestamp NOT NULL DEFAULT CURRENT_TIMESTAMP ON UPDATE CURRENT_TIMESTAMP,
  `archived` tinyint(4) DEFAULT NULL,
  `trusted` tinyint(4) DEFAULT NULL,
  `autoapprove` varchar(255) DEFAULT NULL,
  PRIMARY KEY (`client_id`) USING BTREE
) ENGINE=InnoDB DEFAULT CHARSET=utf8 ROW_FORMAT=DYNAMIC COMMENT='接入客户端信息';

/*Data for the table `oauth_client_details` */

insert  into `oauth_client_details`(`client_id`,`resource_ids`,`client_secret`,`scope`,`authorized_grant_types`,`web_server_redirect_uri`,`authorities`,`access_token_validity`,`refresh_token_validity`,`additional_information`,`create_time`,`archived`,`trusted`,`autoapprove`) values
('c1','res1','$2a$10$X2xVwW.7cOEh2niPqHYAne9EnjRJFj7QI4TqfmnDou9fT/45sCFEm','ROLE_ADMIN,ROLE_USER,ROLE_API','client_credentials,password,authorization_code,implicit,refresh_token','https://www.baidu.com',NULL,10,30,NULL,'2021-01-29 15:46:05',0,0,'false'),
('c2','res2','$2a$10$X2xVwW.7cOEh2niPqHYAne9EnjRJFj7QI4TqfmnDou9fT/45sCFEm','ROLE_API','client_credentials,password,authorization_code,implicit,refresh_token','https://www.baidu.com',NULL,31536000,2592000,NULL,'2021-01-11 09:52:56',0,0,'false');

/*Table structure for table `oauth_code` */

DROP TABLE IF EXISTS `oauth_code`;

CREATE TABLE `oauth_code` (
  `create_time` timestamp NOT NULL DEFAULT CURRENT_TIMESTAMP,
  `code` varchar(255) DEFAULT NULL,
  `authentication` blob,
  KEY `code_index` (`code`) USING BTREE
) ENGINE=InnoDB DEFAULT CHARSET=utf8 ROW_FORMAT=COMPACT;

/*Data for the table `oauth_code` */

/*Table structure for table `t_permission` */

DROP TABLE IF EXISTS `t_permission`;

CREATE TABLE `t_permission` (
  `id` int(11) NOT NULL AUTO_INCREMENT,
  `code` varchar(128) DEFAULT NULL,
  `description` varchar(128) DEFAULT NULL,
  `url` varchar(128) DEFAULT NULL,
  PRIMARY KEY (`id`)
) ENGINE=InnoDB AUTO_INCREMENT=3 DEFAULT CHARSET=utf8mb4;

/*Data for the table `t_permission` */

insert  into `t_permission`(`id`,`code`,`description`,`url`) values
(1,'p1',NULL,NULL),
(2,'p2',NULL,NULL);

/*Table structure for table `t_role` */

DROP TABLE IF EXISTS `t_role`;

CREATE TABLE `t_role` (
  `id` int(11) NOT NULL AUTO_INCREMENT,
  `name` varchar(64) DEFAULT NULL,
  PRIMARY KEY (`id`)
) ENGINE=InnoDB AUTO_INCREMENT=3 DEFAULT CHARSET=utf8mb4;

/*Data for the table `t_role` */

insert  into `t_role`(`id`,`name`) values
(1,'admin'),
(2,'operator');

/*Table structure for table `t_role_permission` */

DROP TABLE IF EXISTS `t_role_permission`;

CREATE TABLE `t_role_permission` (
  `id` int(11) NOT NULL AUTO_INCREMENT,
  `role_id` int(11) DEFAULT NULL,
  `permission_id` int(11) DEFAULT NULL,
  PRIMARY KEY (`id`)
) ENGINE=InnoDB AUTO_INCREMENT=4 DEFAULT CHARSET=utf8mb4;

/*Data for the table `t_role_permission` */

insert  into `t_role_permission`(`id`,`role_id`,`permission_id`) values
(1,1,1),
(2,1,2),
(3,2,1);

/*Table structure for table `t_user` */

DROP TABLE IF EXISTS `t_user`;

CREATE TABLE `t_user` (
  `id` int(11) NOT NULL AUTO_INCREMENT COMMENT 'id',
  `username` varchar(64) DEFAULT NULL COMMENT '用户名',
  `password` varchar(64) DEFAULT NULL COMMENT '密码',
  `fullname` varchar(64) DEFAULT NULL COMMENT '全名',
  `mobile` varchar(64) DEFAULT NULL COMMENT '手机号',
  `email` varchar(64) DEFAULT NULL COMMENT '邮箱',
  PRIMARY KEY (`id`)
) ENGINE=InnoDB AUTO_INCREMENT=3 DEFAULT CHARSET=utf8mb4;

/*Data for the table `t_user` */

insert  into `t_user`(`id`,`username`,`password`,`fullname`,`mobile`,`email`) values
(1,'zhangsan','$2a$10$Yt/rrImIYXwYqpAQNI/vIe/kwcJmx19MjZ5kipF0xsHrBcUGHZNqi','张三','12345678912','123456@foxmail.com'),
(2,'lisi','$2a$10$ky6GmjkOvV5PR2/O0qMWGuPEv9m7V2pfIPblhkA8NGd/r/qjYXNt.','李四','4567812312','123456@foxmail.com');

/*Table structure for table `t_user_role` */

DROP TABLE IF EXISTS `t_user_role`;

CREATE TABLE `t_user_role` (
  `id` int(11) NOT NULL AUTO_INCREMENT,
  `user_id` int(11) DEFAULT NULL,
  `role_id` int(11) DEFAULT NULL,
  PRIMARY KEY (`id`)
) ENGINE=InnoDB AUTO_INCREMENT=3 DEFAULT CHARSET=utf8mb4;

/*Data for the table `t_user_role` */

insert  into `t_user_role`(`id`,`user_id`,`role_id`) values
(1,1,1),
(2,2,2);

/*!40101 SET SQL_MODE=@OLD_SQL_MODE */;
/*!40014 SET FOREIGN_KEY_CHECKS=@OLD_FOREIGN_KEY_CHECKS */;
/*!40014 SET UNIQUE_CHECKS=@OLD_UNIQUE_CHECKS */;
/*!40111 SET SQL_NOTES=@OLD_SQL_NOTES */;
